,id,gestore,bandiera,tipo,indirizzo,comune,provincia,latitudine,longitudine
10777,53858,OIL SERVICE DI AURIGEMMA ALFONSO,Agip Eni,Stradale,"VIA Canaletto 32 32 41030, BASTIGLIA (MO) 32 41030",BASTIGLIA,MO,44.763635532802795,10.920110815085048
10778,23298,eni,Agip Eni,Stradale,"Statale 12 dell'Abetone e del Brennero, Km. 195+900, dir. Verona  41030",BASTIGLIA,MO,44.72574805676501,10.991131961345673
10779,57045,FESTIM DARDHA,Agip Eni,Stradale,CANALETTO SS12 195 41030,BASTIGLIA,MO,38.3590866,16.0757863
10780,44966,T.D.M. S.R.L.,Tamoil,Stradale,PANARIA BASSA 70/A 41030,BOMPORTO,MO,44.772744464405946,11.091340564418033
10781,41979,T.D.M. S.R.L.,Tamoil,Stradale,PER MODENA 140 41030,BOMPORTO,MO,44.68996156915022,11.006452739238739
10782,5425,ENI FUEL S.P.A.,Agip Eni,Stradale,Via Gorghetto 2 41030,BOMPORTO,MO,44.73689245437823,11.038011505956774
10783,46180,MAINI MAURIZIO,Api-Ip,Stradale,via per modena 54/a  ,BOMPORTO,MO,44.72481122438877,11.041061282157898
10784,9784,LICCARDI LUIGI,Agip Eni,Stradale,VIA GIUSEPPE DI VITTORIO 19 41011,CAMPOGALLIANO,MO,44.6912089172356,10.846072733402252
10785,3894,CAMPOGALLIANO EST SNC DI FIUMARA INGRID,Agip Eni,Autostradale,"Autostrada A22 BRENNERO-MODENA,  Km. 297.85, dir. Nord 41013",CAMPOGALLIANO,MO,44.70421995079144,10.849074125289917
10786,3887,VE.CA. PETROLI DI VENTURELLI CARLO & C. SOCIETA' IN ACCOMANDITA SEMPLICE,Agip Eni,Autostradale,"Autostrada A22 BRENNERO-MODENA,  Km. 308.49, dir. Sud - 41011",CAMPOGALLIANO,MO,44.70278984467375,10.847896340846546
10787,12680,VP OIL S.R.L.,Q8,Stradale,VIA PONTE ALTO 30 41011,CAMPOGALLIANO,MO,44.688300937196686,10.857815275949065
10788,48531,M5 ENTERPRISE S.A.S. DI SAFDAR MUDASSAR & C.,Beyfin,Stradale,VIA PER CAVEZZO 24/B 41031,CAMPOSANTO,MO,44.79791857279223,11.116893706209158
10789,21339,ZAVATTA ALBERTO,Agip Eni,Stradale,"Via per San Felice 18A, 41031  ",CAMPOSANTO,MO,44.79246725805486,11.135552823543549
10790,56388,PAD MULTIENERGY S.P.A,Esso,Stradale,PER SAN FELICE 64 41031,CAMPOSANTO,MO,44.86908,11.11665
10791,36737,ZACCHINI ANDREA,Agip Eni,Stradale,VIA PANARIA OVEST 18 41031,CAMPOSANTO,MO,44.784718110538776,11.129060536623001
10792,8413,AB MOTOR SRL,Pompe Bianche,Stradale,"Statale 413 Romana, Km. 25, dir. nord - 41012",CARPI,MO,44.805251041807004,10.878536998672416
10793,39526,LE PIRAMIDI DI GIGLIO SALVATORE,Agip Eni,Stradale,viale dell'industria 3 41012,CARPI,MO,44.791486584280754,10.864191055297852
10794,15971,ROSSI ANDREA,bpetrol,Stradale,via papa giovanni xxiii 107 41012,CARPI,MO,44.79254415799769,10.875249803066254
10795,56655,B PETROL SRL,bpetrol,Stradale,PAPA GIOVANNI XXIII 107 41012,CARPI,MO,44.7925344932505,10.875303972660063
10796,15432,BENETTI FABIO & SIENA ENRICO SNC,Api-Ip,Stradale,C. MARX 68 41012,CARPI,MO,44.77241218458024,10.881351871899142
10797,11299,F.LLI GIBERTINI FU GINO S.P.A.,Esso,Stradale,VIA LAMA 31/33 41012,CARPI,MO,44.768879149084846,10.884506220901471
10798,29608,"""IP SERVICES S.R.L.""",Api-Ip,Stradale,VIA N. BIONDO 83/87 41012,CARPI,MO,44.78301041919284,10.888803847885129
10799,54202,SERVIZI & GESTIONI ITALIA S.R.L.,Q8,Stradale,VIA DELL'INDUSTRIA 8 41012,CARPI,MO,44.7691231,10.8500053
10800,23747,SERVIZI & GESTIONI ITALIA S.R.L.,Q8,Stradale,VIA GUASTALLA 4A 41012,CARPI,MO,44.79437012111083,10.869371742010117
10801,6531,SERVIZI & GESTIONI ITALIA S.R.L.,Q8,Stradale,VIA LENIN 16 41012,CARPI,MO,44.77766366837263,10.878535225794963
10802,11724,SERVIZI & GESTIONI ITALIA S.R.L.,Q8,Stradale,VIA ALDO MORO 60 41012,CARPI,MO,44.76997952491361,10.902678072452545
10803,56516,SHAHZAD WASEEM,Api-Ip,Stradale,"VIA DELL'INDUSTRIA 4/D 41012, CARPI (MO) 4/D 41012",CARPI,MO,45.6778,9.6689
10804,53912,V.F. DI FRANCIOSI VALTER,Pompe Bianche,Stradale,C. MARX 160 41012,CARPI,MO,44.76108333837985,10.87445199305382
10805,48568,VEGA CARBURANTI S.P.A.,Enercoop,Stradale,Tangenziale 12 Luglio 1944 SNC  41012,CARPI,MO,44.80645958197752,10.891315271163942
10806,14080,IMPIANTO AGIP DI SOLOMITA GIUSEPPE,Agip Eni,Stradale,VIA MANZONI - IMPIANTO 6210 114 41012,CARPI,MO,44.791287858718555,10.879393815994263
10807,48086,ROME S.R.L.,Esso,Stradale,via romana nord  92 42044,CARPI,MO,44.80748919337401,10.883222914337543
10808,15559,EUROCAP PETROLI S.P.A.,Eurocap Petroli,Stradale,VIA TRAVERSA SAN GIORGIO 10/B 41012,CARPI,MO,44.761321706301835,10.863309063227234
10809,9210,GRELLA ADAMO STAZIONE ESSO,Esso,Stradale,VIA CARLO MARX 104 41012,CARPI,MO,44.769397767196295,10.879570236109657
10810,51676,OLIVIERO FRANCESCO,Agip Eni,Stradale,via karl marx 34 41012,CARPI,MO,44.77491877870815,10.88293069572835
10811,33558,RANJHA TOTAL SERVICE DI ABBAS GHULAM,Api-Ip,Stradale,VIA ROMANA SP 413 ROMANA NORD 127 41012,CARPI,MO,44.84290720880278,10.89770257472992
10812,49011,SUPER SERVIS DI MABROUK ABDERRAZAK,Retitalia,Stradale,VIA ROOSEVELT 40 41012,CARPI,MO,44.789653486760066,10.892126262187958
10813,40873,ZOLLO VANNI,Pompe Bianche,Stradale,via carlo marx 60 41012,CARPI,MO,44.773579458916984,10.882135704159737
10814,15583,EUROCAP PETROLI S.P.A.,Eurocap Petroli,Stradale,Via Vasco de Gama 2/B 41012,CARPI,MO,44.770434642071834,10.87575462644304
10815,29111,"""IP SERVICES S.R.L.""",Api-Ip,Stradale,VIA EMILIA OVEST 142/A 41013,CASTELFRANCO EMILIA,MO,44.6122991913793,11.014651842922149
10816,30557,"""IP SERVICES S.R.L.""",Api-Ip,Stradale,VIA MAVORA 113/D 41012,CASTELFRANCO EMILIA,MO,44.63504199032591,11.010610321426384
10817,11719,SERVIZI & GESTIONI ITALIA S.R.L.,Q8,Stradale,VIA EMILIA OVEST 18 41013,CASTELFRANCO EMILIA,MO,44.598071888199264,11.044309212303233
10818,39986,ABPROTO DI BOMBARDA ALESSIO,Api-Ip,Stradale,Via Per Panzano 161 41013,CASTELFRANCO EMILIA,MO,44.614797961381726,11.049299183506378
10819,35332,ABPROTO DI BOMBARDA ALESSIO,Api-Ip,Stradale,VIA MUZZACORONA 111/B 41013,CASTELFRANCO EMILIA,MO,44.54719458146952,11.064036456588155
10820,46306,M.A.R. SNC DI MALAVASI MARCO E C.,Api-Ip,Stradale,"9 Via Emilia, Km. 134-171, BOLOGNA - 41013",CASTELFRANCO EMILIA,MO,44.582789918128725,11.086999475955963
10821,22361,METANAUTO CASTELFRANCO EMILIA SOCIETA' A RESPONSABILITA' LIMITATA,Pompe Bianche,Stradale,VIA EMILIA EST 83 41013,CASTELFRANCO EMILIA,MO,44.58576466751548,11.080575585365295
10822,4526,METANAUTO CASTELFRANCO EMILIA SOCIETA' A RESPONSABILITA' LIMITATA,Agip Eni,Stradale,VIA EMILIA EST 83 41013,CASTELFRANCO EMILIA,MO,44.585517095929454,11.08039990067482
10823,37507,F.I.V.E. S.A.S. DI FUSARI IVAN,Q8,Stradale,CORSO MARTIRI 62 41013,CASTELFRANCO EMILIA,MO,44.59350348474112,11.057280167459112
10824,54990,A.F. PETROLI S.P.A.,AF Petroli,Stradale,VANDELLI 33/A 41051,CASTELNUOVO RANGONE,MO,44.574706075675024,10.907186704025271
10825,47207,UPPER CLASS SNC DI GIOELI S.E BETTIBI H.,Api-Ip,Stradale,VIA MONTANARA 18/A 41051,CASTELNUOVO RANGONE,MO,44.549592965568735,10.929147629346083
10826,44970,PIEFFE DI PICCININI MARCELLO E C. S.N.C.,Api-Ip,Stradale,VIA DELLA PACE 25 41051,CASTELNUOVO RANGONE,MO,44.542864000123,10.931248000123
10827,51701,PIEFFE DI PICCININI MARCELLO E C. S.N.C.,Api-Ip,Stradale,VIA PER SPILAMBERTO 9/A 41051,CASTELNUOVO RANGONE,MO,44.54260811950126,10.955138741069778
10828,31088,RICCI ARIANNA,Esso,Stradale,VIA PER MODENA 8 41014,CASTELVETRO DI MODENA,MO,44.50707844542661,10.946571081876755
10829,46803,SACCOMANDI & MALAGOLI S.P.A.,Ego,Stradale,CA' DI SOLA  - Via Statale  19/A 41014,CASTELVETRO DI MODENA,MO,44.530140048593324,10.956791043281555
10830,40122,T.D.M. S.R.L.,Tamoil,Stradale,ALDO MORO 200 41032,CAVEZZO,MO,44.831215613113905,11.023239344358444
10831,46554,EVELYNE STATION DI BULGARELLI ERMANNO,Esso,Stradale,VIA VOLTURNO 124 41032,CAVEZZO,MO,44.8272096298748,11.036549244255411
10832,52876,VESCOVINI ROGER,Api-Ip,Stradale,CAVOUR  343-345-347-349 349  41030,CAVEZZO,MO,44.823657,10.9979115
10833,29678,T.D.M. S.R.L.,Tamoil,Stradale,CARDUCCI 44 41033,CONCORDIA SULLA SECCHIA,MO,44.911924401552234,10.983704924583435
10834,10700,"""SAVIOLI ODDINO S.N.C. DI SAVIOLI LAMBERTO & C.""",Pompe Bianche,Stradale,VIA PER MIRANDOLA 4 41033,CONCORDIA SULLA SECCHIA,MO,44.91337143873299,10.98669558763504
10835,27296,VINCENZI MASSIMO,Tamoil,Stradale,via Porretana 206 41021,FANANO,MO,44.2071385864721,10.796867609024048
10836,51883,DISTRIBUTORE AUTOLAVAGGIO DA GIOVANNI DI ION BOUROS,Agip Eni,Stradale,VIA ROTTA 12/E 41034,FINALE EMILIA,MO,44.83399747376504,11.29061812245606
10837,56589,DISTRIBUTORE METANO,Reno Gas Energy,Stradale,PER MODENA 48/A 41034,FINALE EMILIA,MO,44.83746,11.27719
10838,52543,STATION SERVICE DI FERRARI MASSIMILIANO,Agip Eni,Stradale,VIA PER MODENA 54 41034,FINALE EMILIA,MO,44.83816794991628,11.258907457840364
10839,34777,GRAZI PETROLI S.R.L.,Grazi Petroli,Stradale,VIA FERRARA 6/D 41034,FINALE EMILIA,MO,44.833271878719515,11.306717991828918
10840,51689,LA GHISI CARBURANTI S.R.L.,Pompe Bianche,Stradale,VIA PER FERRARA 85/A 41034,FINALE EMILIA,MO,44.83114832440301,11.339987516403193
10841,45044,SERVICE OASI DI PEDRONI RAFAELLA & C. S.A.S.,Api-Ip,Stradale,MONTE BIANCO 21 41034,FINALE EMILIA,MO,44.847331389108746,11.217987835407257
10842,56389,PAD MULTIENERGY S.P.A,Shell,Stradale,PER CENTO 2/C 41034,FINALE EMILIA,MO,44.89424,11.30337
10843,35035,STAZIONE DI SERVIZIO IL POLO DI MARCHETTI JHONATAN,Api-Ip,Stradale,via per modena 6 41034,FINALE EMILIA,MO,44.835594509551086,11.288844421505928
10844,54251,STAZIONE DI SERVIZIO IL POLO DI MARCHETTI JHONATAN,Api-Ip,Stradale,VIA DANTE ALIGHIERI 6/A 41035,FINALE EMILIA,MO,45.4642035,9.189982
10845,55707,L.S. CENTER - SOCIETA' A RESPONSABILITA' LIMITATA SEMPLIFICATA,Esso,Stradale,ANTICA CAVA 5 41042,FIORANO MODENESE,MO,44.54613392134146,10.790893546859357
10846,55038,A.F. PETROLI S.P.A.,AF Petroli,Stradale,SAN FRANCESCO 206 41042,FIORANO MODENESE,MO,44.538121220637656,10.824531751022342
10847,49031,TRIF ANDREI IONUT,Agip Eni,Stradale,VIA GHIAROLA  NUOVA 00 41042,FIORANO MODENESE,MO,44.5530539597274,10.810430453305194
10848,35190,FRATELLI RIGHI DI RIGHI NICOLA E FILIPPO SNC,Esso,Stradale,VIA FLUMENDOSA 24 41042,FIORANO MODENESE,MO,44.53532848170336,10.8304288256561
10849,55758,GROSSO RAFFAELE,Api-Ip,Stradale,S. GIOV. EVANGELISTA 36/38 41042,FIORANO MODENESE,MO,44.53477152918579,10.841349327898254
10850,53309,BARCO DI BAROZZINI PAOLO E C. S.N.C.,Api-Ip,Stradale,"VIA VIA PEDEMONTANA 220/222 41042, FIORANO MODENESE (MO) 222  41042",FIORANO MODENESE,MO,44.551315331587546,10.81765369888914
10851,51163,CORTI MASSIMO,Api-Ip,Stradale,"Strada Statale, Km. 10, maranello/sassuolo  41042",FIORANO MODENESE,MO,44.538870638895155,10.808557090588321
10852,52310,SACCOMANDI & MALAGOLI S.P.A.,Api-Ip,Stradale,SPEZZANO - VIA STATALE 38 41042,FIORANO MODENESE,MO,44.533539097515195,10.839594855953605
10853,5586,MIDA S.N.C. DI CASOLARI TIZIANA E C.,Ego,Stradale,VIA PEDEMONTANA 105 41042,FIORANO MODENESE,MO,44.54945628502891,10.831744372844696
10854,37827,BASCHIERI IVANO,Api-Ip,Stradale,VIA SAN FRANCESCO 38 41042,FIORANO MODENESE,MO,44.540699409914126,10.821686106346078
10855,53192,WASH CAR DI MANTA SALVATORE,Api-Ip,Stradale,GIARDINI NORD 270 41043,FORMIGINE,MO,44.59196730000001,10.8556966
10856,55987,ENI FUEL S.P.A.,Agip Eni,Stradale,SUPERSTRADA MO/SASSUOLO CASINALBO  ,FORMIGINE,MO,44.59262,10.844604
10857,10972,STANCO LORENZO,Agip Eni,Stradale,SUPERSTRADA MODENA SASSUOLO SN 41043,FORMIGINE,MO,44.59273711882088,10.84465116262436
10858,50753,ALA CARBURANTI S.R.L.,Esso,Stradale,"ND SS. 724 MODENA/SASSUOLO KM. 17+000 SNC 41043, FORMIGINE (MO) KM 17+00 41043",FORMIGINE,MO,44.57068151817505,10.826044082641596
10859,27092,CT S.R.L.,Api-Ip,Stradale,via modena sassuolo km17 latosx direzione modena  41043,FORMIGINE,MO,44.57038635786136,10.826811481323261
10860,35298,CARBURANTI PINELLI DI PINELLI ONESTO & C. S.N.C.,Pompe Bianche,Stradale,VIA RADICI IN PIANO 5 41043,FORMIGINE,MO,44.569199289361514,10.816616847429714
10861,43064,"""C.I.S. NORD S.R.L.""",Ego,Stradale,VIA GIARDINI SUD 133 41043,FORMIGINE,MO,44.56003191111599,10.853201457672185
10862,51604,ABPROTO DI BOMBARDA ALESSIO,Agip Eni,Stradale,VIA DON FRANCHINI  226 41043,FORMIGINE,MO,44.59803545190748,10.80859910909353
10863,14716,B & B DI BUFFAGNI CARLO E C. S.A.S.,Agip Eni,Stradale,VIA DON FRANCHINI 226 41010,FORMIGINE,MO,44.59800891399527,10.80863805968852
10864,39694,MONTANARI MARCO,Agip Eni,Stradale,VIA GIARDINI SUD 36 41043,FORMIGINE,MO,44.576667629573016,10.848730131983757
10865,15568,PIEFFE DI PICCININI MARCELLO E C. S.N.C.,Agip Eni,Stradale,"12 dell'Abetone e del Brennero, Km. 167, abetone - ",FORMIGINE,MO,44.55224771904437,10.901795625686646
10866,35858,WASH CAR DI MANTA SALVATORE,Api-Ip,Stradale,via giardini nord 270 41043,FORMIGINE,MO,44.5919979280997,10.855659618973732
10867,41711,COOPERATIVA FONTANALUCCIA,Api-Ip,Stradale,Via Provinciale Fontanaluccia 8/B 41044,FRASSINORO,MO,44.2670707937373,10.509832620616635
10868,44292,SACCOMANDI & MALAGOLI S.P.A.,Api-Ip,Stradale,Via  ROMA  26 41044,FRASSINORO,MO,44.29959081804195,10.575497169509845
10869,44291,SACCOMANDI & MALAGOLI S.P.A.,Api-Ip,Stradale,PIANDELAGOTTI - Via Centrale 12 41044,FRASSINORO,MO,44.229549455218695,10.515499977693707
10870,13843,FAGLIONI ROBERTO,Tamoil,Stradale,VIA MASSIMO D'AZEGLIO 502 41052,GUIGLIA,MO,44.39087683352004,10.965480177909853
10871,10375,BAZZANI S.N.C. DI BAZZANI MAURIZIO & C.,Api-Ip,Stradale,VIA PIETRO GIARDINI 233 41023,LAMA MOCOGNO,MO,44.30749249886214,10.732681271163983
10872,36550,BARBIERI SIMONETTA,Esso,Stradale,VIA PER PALAGANO 82 41023,LAMA MOCOGNO,MO,44.309531630400876,10.712615334987618
10873,41025,VIN.GE DI GRANATO VINCENZO & C. SAS,Esso,Stradale,ABETONE INFERIORE 36 41053,MARANELLO,MO,44.53511433837066,10.863364934921265
10874,54878,ENI FUEL S.P.A.,Agip Eni,Stradale,Via Abetone Inferiore 2  41053,MARANELLO,MO,44.530838,10.864828
10875,42406,S.L SERVIZI PETROLIFERI DI LENA MASSIMO,Agip Eni,Stradale,"v, pedemontana 2100 41053",MARANELLO,MO,44.53157447571699,10.888703763484955
10876,37420,LISTA GIOVANNA,Agip Eni,Stradale,via statale per vignola 52 41053,MARANELLO,MO,44.528169587889906,10.876574143767357
10877,24441,METANO MARANELLO S.R.L.,Pompe Bianche,Stradale,STRADA PEDEMONTANA 2405-2415 41053,MARANELLO,MO,44.531052101219665,10.89270830154419
10878,24442,METANO MARANELLO S.R.L.,Q8,Stradale,STRADA PEDEMONTANA 2405-2415 41053,MARANELLO,MO,44.531052101219665,10.89270830154419
10879,28942,POZZA CARBURANTI SNC DI LENTI LUCA E C.,Esso,Stradale,VIA PER VIGNOLA 303 41053,MARANELLO,MO,44.52554202649047,10.898397266864777
10880,29412,GRANDI IVAN,Pompe Bianche,Stradale,VIA CIRCONVALLAZIONE 68 41054,MARANO SUL PANARO,MO,44.455374031429436,10.967821553349495
10881,43801,PATTI FRANCESCO,Ego,Stradale,VIA CIRCONVALLAZIONE OVEST 311 41054,MARANO SUL PANARO,MO,44.45405771797261,10.965109988343215
10882,16665,TONDI DI TONDI RENZO & C. S.A.S.,Pompe Bianche,Stradale,VIA FONDOVALLE 7301 41054,MARANO SUL PANARO,MO,44.39193716779806,10.917766839265823
10883,8342,SERVIZI & GESTIONI ITALIA S.R.L.,Q8,Stradale,VIA PROVINCIALE 55 41036,MEDOLLA,MO,44.846757520092936,11.078004903704823
10884,53153,BOSCHI PIETRO & C. - SOCIETA' A RESPONSABILITA' LIMITATA,Pompe Bianche,Stradale,MATTEOTTI 51 41036,MEDOLLA,MO,44.855193435607276,11.062400937080383
10885,41000,T.D.M. S.R.L.,Tamoil,Stradale,STATALE NORD KM 224+200 165 41037,MIRANDOLA,MO,44.955512237522925,11.084616234358577
10886,49087,ENI FUEL S.P.A.,Agip Eni,Stradale,"Via S.S. 12 Km 215,597  41037",MIRANDOLA,MO,44.88273231976332,11.067929308064736
10887,51161,CIPOLLARO NUNZIO,Agip Eni,Stradale,"12 dell'Abetone e del Brennero, Km. 215, MODENA  41037",MIRANDOLA,MO,44.88134341276722,11.068400522312723
10888,4066,COSTANTIN DISTRIBUZIONE E SERVIZI SRL,Costantin,Stradale,"VIA VIA STATALE NORD 153 41037, MIRANDOLA (MO)  41037",MIRANDOLA,MO,44.94717629934661,11.077118217945099
10889,16693,FABBRI MARCO,Ego,Stradale,VIA PROVINCIALE PER CONCORDIA 70/D 41037,MIRANDOLA,MO,44.895167420557776,11.043311655521393
10890,34775,GRAZI PETROLI S.R.L.,Grazi Petroli,Stradale,VIA STATALE SUD  52/50 41037,MIRANDOLA,MO,44.874443367777864,11.068572700023651
10891,54357,KEROPETROL S.P.A.,KEROPETROL,Stradale,"VARIANTE SS 12,KM.3 +368 SNC 41037",MIRANDOLA,MO,44.86603,11.04734
10892,35255,L.A.I.C.A. S.R.L.,Pompe Bianche,Stradale,Via Imperiale 327 41037,MIRANDOLA,MO,44.87475186031724,11.147467866539955
10893,22907,NICOLINI MATTEO,Esso,Stradale,VIA PUNTA 161 41037,MIRANDOLA,MO,44.92189086692447,11.094414402446773
10894,39359,SPIZUOCO PASQUALE,Ego,Stradale,MAZZONE 178 41037,MIRANDOLA,MO,44.877563000339215,11.130219250917435
10895,39360,SPIZUOCO PASQUALE,Ego,Stradale,MAZZONE 178 41037,MIRANDOLA,MO,44.877563000339215,11.130219250917435
10896,23002,PETROL SERVICE SRL S.U.,Pompe Bianche,Stradale,VIALE GRAMSCI 34/36 41037,MIRANDOLA,MO,44.89180929925598,11.071223193254127
10897,36713,MORETTI DI MORETTI CLAUDIA E CERESOLA LORENZO S.N.C.,Tamoil,Stradale,via valli 539 41037,MIRANDOLA,MO,44.93456763505145,11.238206688325818
10898,39880,BEGONIA PETROLIO DI FIRAT BAYRAM,Agip Eni,Stradale,via Emilia Ovest 374  41123,MODENA,MO,44.65413631790768,10.908897137434451
10899,56332,EGI-2GO S.R.L.,Esso,Stradale,VIGNOLESE 1601 41124,MODENA,MO,44.57649020016573,10.981248484658876
10900,56459,EGI-2GO S.R.L.,Esso,Stradale,PROV. PER CAMPOGALLIANO 158 41124,MODENA,MO,44.68160153822885,10.880772457671783
10901,35145,T.D.M. S.R.L.,Tamoil,Stradale,VIGNOLESE 611 41125,MODENA,MO,44.63156897369263,10.940694361925125
10902,37566,T.D.M. S.R.L.,Tamoil,Stradale,CIRO MENOTTI 386 41122,MODENA,MO,44.652860684989534,10.942852199077606
10903,34715,T.D.M. S.R.L.,Tamoil,Stradale,FORMIGINA 230 41126,MODENA,MO,44.64166010471149,10.897204354405403
10904,30509,ENI FUEL S.P.A.,Agip Eni,Stradale,Via Emilia Est 1028 41100,MODENA,MO,44.63118155013043,10.96185028553009
10905,56171,ENI FUEL S.P.A.,Agip Eni,Stradale,Via Canaletto 62 41030,MODENA,MO,44.656166,10.934165
10906,55166,A.F. PETROLI S.P.A.,AF Petroli,Stradale,PIETRO GIARDINI 1278 41126,MODENA,MO,44.6136666384454,10.875574350357056
10907,57180,ONE STOP 3.0 DI ISENOVIC ADRIAN,Esso,Stradale,"VIA NONANTOLANA 576 41122, MODENA (MO) 576 41122",MODENA,MO,44.654935938824565,10.946321966755711
10908,54989,A.F. PETROLI S.P.A.,AF Petroli,Stradale,NONANTOLANA 880 41122,MODENA,MO,44.65815581486323,10.958145365142808
10909,19021,STEFFANINI DAVIDE & ENRICO S.N.C.,Agip Eni,Stradale,VIA NONANTOLANA 1070 41122,MODENA,MO,44.66200164541342,10.97189448773861
10910,19219,BRONTI IGNAZIO,Agip Eni,Stradale,VIA GIARDINI 585 41121,MODENA,MO,44.63484465762926,10.903879398811341
10911,52993,AREA SERVIZI ENERGIA FUTURA S.R.L. ABBREVIABILE IN: A.S.E.F. S.R.L.,Pompe Bianche,Stradale,L. DA VINCI 330 41126,MODENA,MO,44.6445168,10.8940104
10912,35670,AUTOBRILLA DI PROTTA FRANCESCA,Api-Ip,Stradale,VIA EMILIA EST 821 41125,MODENA,MO,44.63602782413867,10.951550366270453
10913,49170,BORTOLAMEI S.P.A.,Benza,Stradale,via Respighi 71 41122,MODENA,MO,44.63720419397929,10.955407619476318
10914,45416,"MODENESE CARBURANTI S.A.S. DI POLETTI FABIO, TALAMI NACA ALEKSANDAR E INCERTI GABRIELE",Beyfin,Stradale,STRADA BELLARIA 95 41126,MODENA,MO,44.60644769915782,10.934094190597534
10915,14384,"""C.I.S. NORD S.R.L.""",Ego,Stradale,VIA MORANE 500/49 41125,MODENA,MO,44.622009149713875,10.927174687385559
10916,55301,CRISTELLA PETROLI S.R.L.,COIL,Stradale,Via Emilia Ovest 842  41123,MODENA,MO,44.65685,10.88177
10917,49430,SUPERMERCATO B.D.M. SRL,CONAD,Stradale,Via Giardini 1370 41126,MODENA,MO,44.604942373534065,10.867403163194638
10918,16836,EFFE UNO SAS DI GASPARETTO MANUEL & C.,Esso,Stradale,"VIA VIA CANALETTO NORD 678 41122, MODENA (MO) 678 41122",MODENA,MO,44.681851196906344,10.93756154179573
10919,48885,BILLY DI VESELJI ABEDIN,Ego,Stradale,VIA DIVISIONE AQUI 121 41122,MODENA,MO,44.646624775191846,10.94723636011885
10920,44989,ABPROTO DI BOMBARDA ALESSIO,Ego,Stradale,VIA GOBETTI 65 41124,MODENA,MO,44.634644000123,10.927952000123
10921,29904,Elp - Modena,Pompe Bianche,Stradale,via Pica 11 41126,MODENA,MO,44.62984189912439,10.96403115047076
10922,10797,STAZIONE DI SERVIZIO KUWAIT DI BARBIERI EMANUELE,Q8,Stradale,"Via Autodromo, 150 150 41100, MODENA (MO) 150 41126",MODENA,MO,44.6498633613827,10.90348646315988
10923,48566,VEGA CARBURANTI S.P.A.,Enercoop,Stradale,VIA OVIDIO 281 41123,MODENA,MO,44.6504402296403,10.851440612268455
10924,53670,PICCINELLI MASSIMO,Agip Eni,Stradale,VIGNOLESE 1030 41126,MODENA,MO,44.62188290879366,10.952965865020769
10925,23625,B & B DI BUFFAGNI CARLO E C. S.A.S.,Agip Eni,Stradale,S.S. Modena/Sassuolo 1600 41126,MODENA,MO,44.60672055954843,10.853449425025019
10926,25790,BUDITE ANDREA,Agip Eni,Stradale,"Statale 12 dell'Abetone e del Brennero, Km. 1, dir. modena - 41122",MODENA,MO,44.656105556773994,10.93413820622095
10927,10967,DI LILLO GIUSEPPE,Agip Eni,Stradale,VIA PIRANDELLO TANGENZIALE NORD 49/51 41123,MODENA,MO,44.664076110495806,10.889076590538025
10928,55337,CAMPOGALLIANO EST SNC DI FIUMARA INGRID,Agip Eni,Stradale,Str. Nazionale per Carpi 982  41100,MODENA,MO,44.6988288,10.846208
10929,52012,DALUSHI VISARJON,Agip Eni,Stradale,Via Giardini 208 41124,MODENA,MO,44.641538556790394,10.913616840680213
10930,53120,RAKIPI ORGES,Agip Eni,Stradale,GIARDINI 450 41124,MODENA,MO,44.6367601294995,10.90469542563369
10931,8923,F.LLI MARTINI S.R.L.,Esso,Stradale,STRADA ALBARETO 599 41122,MODENA,MO,44.68813917035347,10.964259579777718
10932,48087,ROME S.R.L.,Esso,Stradale,VIA CANALETO  1061 41122,MODENA,MO,44.71119062920869,10.961754273073584
10933,50214,ONE STOP DI ISENOVIC ALBERT,Esso,Stradale,via salvo d'aquisto  100 41125,MODENA,MO,44.62511513314275,10.91745640135029
10934,51546,ONE STOP DI ISENOVIC ALBERT,Esso,Stradale,STRADA VIGNOLESE 1601 41126,MODENA,MO,44.57627142839783,10.981185686621604
10935,23025,EUROCAP PETROLI S.P.A.,Eurocap Petroli,Stradale,Via Francia 5 41122,MODENA,MO,44.66784908216163,10.93820069723995
10936,30805,BASILE FRANCESCO,Europam,Stradale,VIA NAZIONALE PER CARPI C. 427 41123,MODENA,MO,44.66777758514823,10.898232743516473
10937,36132,FINTA FLAVIUS SORIN,Agip Eni,Stradale,BUON PASTORE 187 41125,MODENA,MO,44.63654061828721,10.921586763229357
10938,56568,F.LLI GIBERTINI FU GINO S.P.A.,Esso,Stradale,EMILIA EST 1250 41126,MODENA,MO,44.62663351877246,10.973013639450073
10939,34779,GRAZI PETROLI S.R.L.,Grazi Petroli,Stradale, COMPLANARE LUIGI EINAUDI 800 41126,MODENA,MO,44.60755714996136,10.911726504564285
10940,34776,GRAZI PETROLI S.R.L.,Grazi Petroli,Stradale,VIA GIARDINI 1171 41126,MODENA,MO,44.61600745853592,10.883417129516602
10941,54384,AURTOBRILLA DI MARROCCELLA RAFFAELE,Api-Ip,Stradale,EMILIA EST 821 41013,MODENA,MO,44.63601,10.95150
10942,41264,ABPROTO DI BOMBARDA ALESSIO,Api-Ip,Stradale,VIA BONACINI 94 41121,MODENA,MO,44.64263464364794,10.941411841139256
10943,35334,ABPROTO DI BOMBARDA ALESSIO,Api-Ip,Stradale,VIA EMILIA OVEST 314 41123,MODENA,MO,44.65293915572496,10.9114995226264
10944,10431,SOTTILE SANTO GIUSEPPE,Q8,Stradale,AMENDOLA 408 41125,MODENA,MO,44.633135842485046,10.913093773541277
10945,14567,PIFFERI & APICELLA S.N.C. DI PIFFERI LUCA & C.,Landini e Vignetti,Stradale,VIA EMILIA OVEST 842 41123,MODENA,MO,44.65682421667659,10.881670485705627
10946,30964,G.B.M. S.R.L.,Agip Eni,Stradale,MALAVOLTI 1 41122,MODENA,MO,44.65138167943351,10.959688425064087
10947,50642,EGI-2GO S.R.L.,Esso,Stradale,VIA NUOVA ESTENSE 101 41126,MODENA,MO,44.63064935108529,10.95508480009775
10948,23716,"""IP SERVICES S.R.L.""",Api-Ip,Stradale,Via Pietro Giardini 430 41126,MODENA,MO,44.63846675864469,10.905767525131296
10949,32669,"""IP SERVICES S.R.L.""",Api-Ip,Stradale,VIA EMILIA OVEST 642 41100,MODENA,MO,44.65865516498597,10.89519597668641
10950,7278,SERVIZI & GESTIONI ITALIA S.R.L.,Q8,Stradale,TANGENZIALE BARCHETTA SUD SN 41123,MODENA,MO,44.663845953540374,10.889363698425313
10951,28104,"""IP SERVICES S.R.L.""",Api-Ip,Stradale,MODENA - STRADA VIGNOLESE 888 41100,MODENA,MO,44.62724390487652,10.947204606151558
10952,6532,SERVIZI & GESTIONI ITALIA S.R.L.,Q8,Stradale,MO/SASSUOLO 1601 LOC BAGGIOVAR SNC 41100,MODENA,MO,44.60631945732274,10.853898582803367
10953,6533,SERVIZI & GESTIONI ITALIA S.R.L.,Q8,Stradale,VIA DELLE MORANE 338 41100,MODENA,MO,44.628684762154954,10.926729767459165
10954,6530,SERVIZI & GESTIONI ITALIA S.R.L.,Q8,Stradale,VIA VIGNOLESE 386 41100,MODENA,MO,44.634213681880865,10.936130892590313
10955,11721,SERVIZI & GESTIONI ITALIA S.R.L.,Q8,Stradale,VIA CONTRADA 286 41126,MODENA,MO,44.61523054883974,10.916531020832053
10956,11720,SERVIZI & GESTIONI ITALIA S.R.L.,Q8,Stradale,VIA EMILIA EST 1050 41126,MODENA,MO,44.630228316042924,10.964385015869084
10957,10715,MO. C. DI MORELLI MARCELLO E C. S.N.C.,Api-Ip,Stradale,Viale A. LA MARMORA  157/159 41122,MODENA,MO,44.666739191838744,10.921456217765808
10958,18251,P.M. ITALCARBURANTI S.R.L.,Pompe Bianche,Stradale,Via Nazionale per Carpi Nord 1423 41123,MODENA,MO,44.70261106586423,10.895053558051586
10959,25129,GESTIONI INNOVATIVE ITALIA S.R.L.,Agip Eni,Stradale,VIA VIGNOLESE 394 41124,MODENA,MO,44.633949593147584,10.936519503593445
10960,25034,GESTIONI INNOVATIVE ITALIA S.R.L.,Agip Eni,Stradale," COMPLANARE LUIGI EINAUDI 895, 41126  ",MODENA,MO,44.607504279497604,10.909295082092285
10961,45430,PETRORBAN & CO. DI ORBAN PHILIPPE,Ego,Stradale,"STRADA VIGNOLESE 1375 41126, MODENA (MO) 1375 41010",MODENA,MO,44.599892000123,10.969414000123
10962,3612,LUPPI CARBURANTI SNC,Q8,Autostradale,"Autostrada A1 MILANO-NAPOLI, Km. 156+500, dir. Nord - 41010",MODENA,MO,44.66303576136936,10.856468809509124
10963,3553,NUOVA SIDAP S.R.L.,Esso,Autostradale,"Autostrada A1 MILANO-NAPOLI, Km. 156+500, dir. Sud - 41100",MODENA,MO,44.6621,10.8555
10964,12983,GESTORE POMPA AGIP RACO BRUNO,Agip Eni,Stradale,VIA NAZIONALE PER CARPI NORD 980-982 41123,MODENA,MO,44.68071950645648,10.894027948379517
10965,36943,SIA FUEL SRL,Sia fuel,Stradale,Via Emilia Est 117 41124,MODENA,MO,44.64214255427083,10.936523229841669
10966,22955,COLICCHIO GIUSEPPE,Esso,Stradale,VIA EMILIA OVEST 656 41123,MODENA,MO,44.658576345604146,10.894117201991321
10967,5303,SUPER GAS S.R.L.,Agip Eni,Stradale,VIA COLLEGAROLA 215 41126,MODENA,MO,44.620830294064106,10.95330500118871
10968,22491,BONASI GIANCARLO,Tamoil,Stradale,"V.INDIPENDENZA 21, 41122 - -",MODENA,MO,44.6372170854665,10.969539222753838
10969,39474,TOP ENERGY S.R.L.,Pompe Bianche,Stradale,"Via Vignolese 1053, piano terra 1053 41126",MODENA,MO,44.618494810580515,10.955740213394165
10970,51339,TEDOIL S.R.L.,Pompe Bianche,Stradale,Via Nazionale Canaletto Sud  104 41121,MODENA,MO,44.65732858104873,10.931970477104187
10971,22424,F.LLI GIBERTINI FU GINO S.P.A.,Esso,Stradale,VIA EMILIA OVEST 178/D 41121,MODENA,MO,44.651052528987265,10.915611684322357
10972,14165,CE. LAV S.R.L.,EnerFuel,Stradale,VIA PAPA GIOVANNI XXIII 36/A 41122,MODENA,MO,44.65416951867737,10.957007933065825
10973,55404,A.F. PETROLI S.P.A.,AF Petroli,Stradale,DELLE RADICI KM 47+178 SNC 41025,MONTECRETO,MO,44.199101558985824,10.482781606286617
10974,15752,CORIANI & RUGGI DI CORIANI ROSSANO & C. S.N.C.,Agip Eni,Stradale,via mazzini 31 41045,MONTEFIORINO,MO,44.35722095527704,10.622138696272486
10975,52314,SACCOMANDI & MALAGOLI S.P.A.,Api-Ip,Stradale,VIA XXIV MAGGIO 24 41055,MONTESE,MO,44.26797071037588,10.9412678523932
10976,14387,"""C.I.S. NORD S.R.L.""",Ego,Stradale,VIA PANORAMICA 1 41055,MONTESE,MO,44.26771864477706,10.941103101852377
10977,30343,F.LLI GIBERTINI FU GINO S.P.A.,Esso,Stradale,via provinciale  2509 41055,MONTESE,MO,44.28310120316619,10.927697354129804
10978,35287,ZAPPETTI ORAZIO EMILIO,Agip Eni,Stradale,VIA VITTORIO VENETO 159 41015,NONANTOLA,MO,44.678191510231926,11.046435206186288
10979,44982,PIACENZA PETROLI DI SUBHANI MAJID,Esso,Stradale,"255 di San Matteo della Decima, Km. 7+136, MODENA - 41015",NONANTOLA,MO,44.672768000123,11.008518000123
10980,12277,F.LLI MARTINELLI S.N.C. DI MARTINELLI CARLO E C.,Q8,Stradale,via provinciale motta 52/r roveretoS/s - -,NOVI DI MODENA,MO,44.82144481540144,10.942932665348053
10981,25238,TOTAL SERVICE DI GHULAM ABBAS,Api-Ip,Stradale,via Serragli S.P. 8  41016,NOVI DI MODENA,MO,44.87950685422334,10.894247329736118
10982,10698,"""SAVIOLI ODDINO S.N.C. DI SAVIOLI LAMBERTO & C.""",Pompe Bianche,Stradale,VIA A. GRANDI 1 41016,NOVI DI MODENA,MO,44.891051922953245,10.901740269311517
10983,37558,BRAGLIA GIOVANNI,Api-Ip,Stradale,VIA 23 DICEMBRE 4 41046,PALAGANO,MO,44.324423535072604,10.647321715950966
10984,55289,A.F. PETROLI S.P.A.,AF Petroli,Stradale,FONDOVALLE 93 41026,PAVULLO NEL FRIGNANO,MO,44.36663398181976,10.915614204750064
10985,34213,GIOVANNINI ANTONIO E BAGATTI CATIA - SOCIETA' IN NOME COLLETTIVO,Api-Ip,Stradale,VIA GIARDINI SUD 212 41026,PAVULLO NEL FRIGNANO,MO,44.31450723994909,10.83233765277862
10986,4876,BARBERGAS DI BARBIERI ALBERTO & C. - S.A.S.,Api-Ip,Stradale,VIA GIARDINI NORD 82 41026,PAVULLO NEL FRIGNANO,MO,44.363618832806154,10.837993919849396
10987,22302,FRI.AL. SRL,CONAD,Stradale,VIA G.PLATI NR 2  41026,PAVULLO NEL FRIGNANO,MO,44.323615890246245,10.83801805973053
10988,9636,FRATELLI GORZANELLI SNC,Agip Eni,Stradale,VIA GIARDINI SUD 36 41026,PAVULLO NEL FRIGNANO,MO,44.32982193962564,10.835938677191734
10989,24919,SERVIZI & GESTIONI ITALIA S.R.L.,Q8,Stradale,LARGO GHIBELLINI 3 41026,PAVULLO NEL FRIGNANO,MO,44.335634238749456,10.832701921463013
10990,38594,NARDINI VALENTINA,Api-Ip,Stradale,GIARDINI NORD 8 41027,PIEVEPELAGO,MO,44.207716154041925,10.614464655518532
10991,44654,FUEL SERVICE DI BORTOLOTTI SILVANO E NICOLA & C. S.N.C.,Pompe Bianche,Stradale,VIA GIARDINI SUD 13 41027,PIEVEPELAGO,MO,44.200906000123,10.616302000123
10992,11298,F.LLI GIBERTINI FU GINO S.P.A.,Esso,Stradale,VIA FRIGNANO 1 41040,POLINAGO,MO,44.34324681716404,10.729533433914185
10993,12366,TAMOIL,Tamoil,Stradale,VIA M. ALLEGRETTI 37/43 41048,PRIGNANO SULLA SECCHIA,MO,44.437471937234996,10.693126048903423
10994,52987,T.D.M. S.R.L.,Tamoil,Stradale,MAESTRA 578 41017,RAVARINO,MO,44.725355,11.0903914
10995,42575,NARDINI VALENTINA,Api-Ip,Stradale,STATALE 17 41020,RIOLUNATO,MO,44.230832336009804,10.651629786846911
10996,30061,T.D.M. S.R.L.,Tamoil,Stradale,MARTIRI ARTIOLI 360 41018,SAN CESARIO SUL PANARO,MO,44.53318809016426,11.034271270036697
10997,48569,VEGA CARBURANTI S.P.A.,Enercoop,Stradale,VIA BOSCHETTI 114 41018,SAN CESARIO SUL PANARO,MO,44.55746753081973,11.041579349702841
10998,4991,CAR DI CAPELLINI GIANNI E ARLETTI PAOLO S.N.C.,Esso,Stradale,"VIA VIA EMILIA KM.138+880 S.S. 9 41018, SAN CESARIO SUL PANARO (MO)  41018",SAN CESARIO SUL PANARO,MO,44.59874541646544,11.029628366231918
10999,8954,C.S. 2 DI CAVALLOTTI E SOLA S.R.L.,Pompe Bianche,Stradale,VIA LODA 166 41018,SAN CESARIO SUL PANARO,MO,44.570845491847805,11.038323192451458
11000,46133,RONCHETTI FRANCESCO,Esso,Stradale,strada statale 468 km55 lato sx  41038,SAN FELICE SUL PANARO,MO,44.835769000123,11.136553000123
11001,52639,STAZIONE DI SERVIZIO IL POLO DI MARCHETTI JHONATAN,Agip Eni,Stradale,PEROSSARO 1416 41038,SAN FELICE SUL PANARO,MO,44.8334148,11.120923
11002,56785,MAGMA SNC DI CATALANO MARCO & C. SNC,Esso,Stradale,STATALE 468 KM55/739 41038,SAN FELICE SUL PANARO,MO,44.8316226,11.1496084
11003,11249,PETROL STATION & CAR WASH DI VICENZI ANDREA,Esso,Stradale,VIA FURLANA 70 41038,SAN FELICE SUL PANARO,MO,44.83576063463881,11.136547052114906
11004,45045,SERVICE OASI DI PEDRONI RAFAELLA & C. S.A.S.,Api-Ip,Stradale,Via Bergamini  427 41038,SAN FELICE SUL PANARO,MO,44.838603000123,11.146149000123
11005,48764,T.D.M. S.R.L.,Tamoil,Stradale,MAZZA 4 41039,SAN POSSIDONIO,MO,44.89560965021237,10.990407330059417
11006,48567,VEGA CARBURANTI S.P.A.,Enercoop,Stradale,VIA TANFERRI 1 41039,SAN POSSIDONIO,MO,44.90892353859103,11.000190317790967
11007,49075,Z140 SAS DI MORARI DORIN & C.,Agip Eni,Stradale,VIA GIACOMO MATTEOTTI  50 41039,SAN POSSIDONIO,MO,44.889284436002,10.994449189667
11008,39052,MANTOVANI MONIA,Api-Ip,Stradale,CANALETTO 56/A 41030,SAN PROSPERO,MO,44.79808298290204,11.02611804907383
11009,29308,F.LLI GIBERTINI FU GINO S.P.A.,Esso,Stradale,VIA CANALETTO 71 41030,SAN PROSPERO,MO,44.78926538728399,11.02302138475352
11010,49212,CORO S.R.L.,Q8,Stradale,Via Giuseppe Mazzini  140 41049,SASSUOLO,MO,44.53975979050561,10.787704899462693
11011,51458,ENI FUEL S.P.A.,Agip Eni,Stradale,Via DELLE RADICI IN PIANO  41049,SASSUOLO,MO,44.54772579948091,10.787287093283105
11012,49744,ENI FUEL S.P.A.,Agip Eni,Stradale,Via Cavallotti 210 ,SASSUOLO,MO,44.53553653900703,10.77811581302835
11013,35723,COLUMBUS S.R.L.,EnerFuel,Stradale,RADICI IN MONTE 271 41049,SASSUOLO,MO,44.54791857089854,10.772634845299535
11014,34928,CAST PNEUMATICI DI CASTELLI GIUSEPPE,Agip Eni,Stradale,via mazzini  220 41049,SASSUOLO,MO,44.53864136787428,10.791595727205276
11015,40619,SAXOIL S.A.S. DI SALA ALESSANDRO & C.,Api-Ip,Stradale,VIA MONTANARA 67 41049,SASSUOLO,MO,44.52949661337785,10.774392038583755
11016,5064,ME-TRA S.P.A.,Agip Eni,Stradale,VIA ANCORA 500/502 41049,SASSUOLO,MO,44.58503684991336,10.789778530597687
11017,35091,ZANNI ALDO,Pompe Bianche,Stradale,MONTANARA 40 41049,SASSUOLO,MO,44.53218785827042,10.775990635156631
11018,11296,F.LLI GIBERTINI FU GINO S.P.A.,Esso,Stradale,VIA S.MICHELE 258 41049,SASSUOLO,MO,44.51007548477935,10.746886181545278
11019,6528,SERVIZI & GESTIONI ITALIA S.R.L.,Q8,Stradale,RADICI IN PIANO SNC 41049,SASSUOLO,MO,44.55965247510212,10.801891386508942
11020,35756,GRIECO DONATO ANTONIO,Ego,Stradale,VIA CIRCONVALLAZIONE NORD EST 55 41049,SASSUOLO,MO,44.545614881581784,10.796636939048767
11021,15555,TORELLI ANSELMO PAOLO E C.- S.N.C.,Agip Eni,Stradale,VIA PIA 174 41049,SASSUOLO,MO,44.545479037760934,10.780199285913795
11022,46426,FAGLIONI ROBERTO,Ego,Stradale,Via Claudia 1223 41056,SAVIGNANO SUL PANARO,MO,44.497364424997436,11.05336215545276
11023,48570,VEGA CARBURANTI S.P.A.,Vega,Stradale,VIA CLAUDIA 6010 41056,SAVIGNANO SUL PANARO,MO,44.466527386169226,11.01576697668646
11024,52313,SACCOMANDI & MALAGOLI S.P.A.,Api-Ip,Stradale,VIA CLAUDIA  3721 41056,SAVIGNANO SUL PANARO,MO,44.48072078841557,11.034386572788266
11025,48094,RIGHETTI & C. S.R.L.,Api-Ip,Stradale,VIA CLAUDIA 4339 41056,SAVIGNANO SUL PANARO,MO,44.47606811671721,11.031393329177423
11026,6529,SERVIZI & GESTIONI ITALIA S.R.L.,Q8,Stradale,S.S.569 KM. 17+424 SNC 41056,SAVIGNANO SUL PANARO,MO,44.47019440856536,11.010363399982452
11027,54991,A.F. PETROLI S.P.A.,AF Petroli,Stradale,NUOVA ESTENSE 4060 41028,SERRAMAZZONI,MO,44.42234029039566,10.789689855918887
11028,4877,BARBERGAS DI BARBIERI ALBERTO & C. - S.A.S.,Api-Ip,Stradale,"Statale 12 dell'Abetone e del Brennero, Km. 156+510, dir. ABETONE - 41028",SERRAMAZZONI,MO,44.471739420977826,10.845198333263397
11029,49181,ORLANDI CINZIA,Esso,Stradale,VIA NUOVA ESTENSE 9555 41028,SERRAMAZZONI,MO,44.46236377144721,10.834515689748017
11030,10642,MICHELINI S.R.L.,Pompe Bianche,Stradale,VIA PER MARANO   102 41028,SERRAMAZZONI,MO,44.417732778173004,10.805169812445001
11031,30520,GESTIONI INNOVATIVE ITALIA S.R.L.,Agip Eni,Stradale,VIA GIARDINI LOC.FONDACCIA 1695 41028,SERRAMAZZONI,MO,44.41324390388337,10.796175599098206
11032,16132,DELLA CASA ROMANA,Ego,Stradale,CAMPODOLIO 159/1 41028,SERRAMAZZONI,MO,44.449866567304305,10.762670114636421
11033,11115,ALLORI GILBERTO,Api-Ip,Stradale,PIAZZA PASSERINI 34 41029,SESTOLA,MO,44.23000009462964,10.767889155768216
11034,10718,CAPITANI AUTO SNC DI CAPITANI STEFANO E C.,Api-Ip,Stradale,via circonvallazione 29/33 41029,SESTOLA,MO,44.23052400547664,10.76900415122509
11035,49546,ENI FUEL S.P.A.,Agip Eni,Stradale,CARPI RAVARINO 1114 LOC. LIMIDI  41019,SOLIERA,MO,44.7574868983806,10.943812403744396
11036,49190,CODELUPPI CARBURANTI DI CODELUPPI GIANNI,Esso,Stradale,VIA ROMA 87 41019,SOLIERA,MO,44.73664917962752,10.92404012901509
11037,46253,SHINY CAR DI RUOTOLO AMELIA,Eurocap Petroli,Stradale,"VIA ROMA 51 41019, SOLIERA (MO) 51 41019",SOLIERA,MO,44.73730883490803,10.924317884306447
11038,34027,SERVIZI & GESTIONI ITALIA S.R.L.,Q8,Stradale,S.S. ROMANA 413 KM 56+068  41019,SOLIERA,MO,44.72808321118727,10.899197906255722
11039,6527,SERVIZI & GESTIONI ITALIA S.R.L.,Q8,Stradale,VIA RAVARINO PER CARPI 141 41019,SOLIERA,MO,44.76752391699846,10.911781610836783
11040,55287,A.F. PETROLI S.P.A.,AF Petroli,Stradale,"VIA VIA VIGNOLESE 1993 41057, SPILAMBERTO (MO) 1993 41057",SPILAMBERTO,MO,44.52255679975331,11.020241814002993
11041,55651,A.F. PETROLI S.P.A.,AF Petroli,Stradale,"VIA VIA MODENESE  S.S. 623 KM10+530, 1493 41057, SPILAMBERTO (MO) 1493 41057",SPILAMBERTO,MO,44.544962142743834,11.010377452737412
11042,11368,BERTELLI WALTER E ROLANDO - CARBURANTI - S.P.A.,Oil Discount,Stradale,VIA PARADOSSO 34 41057,SPILAMBERTO,MO,44.53437491154394,11.023599204893458
11043,38443,DISTRIBUTORE ESSO S.R.L.,Esso,Stradale,"VIA VIA MODENESE 4406 41057, SPILAMBERTO (MO) 4406 41057",SPILAMBERTO,MO,44.56726916106125,10.989131033420563
11044,46479,SACCOMANDI & MALAGOLI S.P.A.,Api-Ip,Stradale,SAN VITO - Via Medicine 608 41057,SPILAMBERTO,MO,44.56464339752259,10.975198160413129
11045,47257,METANO SPILAMBERTO S.R.L.,Metano Spilamberto,Stradale,VIA SAN VITO 329 41057,SPILAMBERTO,MO,44.540410845012055,11.011912736452691
11046,36212,SIA FUEL SRL,Sia fuel,Stradale,Via Vignolese 864 41057,SPILAMBERTO,MO,44.52634482935304,11.02287901411637
11047,5651,SPECIAL SERVICE DI VINAZZANI MASSIMO,Q8,Stradale,PER SPILAMBERTO 1800 41058,VIGNOLA,MO,44.50231082827527,11.021439304299179
11048,17811,ESSE VI SNC DI VENTURELLI ROBERTO & C.,Esso,Stradale,VIA PER SPILAMBERTO 1094 41058,VIGNOLA,MO,44.49647625040083,11.018497198820114
11049,12344,MOSSA ANNALISA,Agip Eni,Stradale,VIA PER SPILAMBERTO 1015 41058,VIGNOLA,MO,44.49500762094637,11.018201939286769
11050,12515,PRADELLI - VIGNOLA,Pompe Bianche,Stradale,Via per Sassuolo 583 41058,VIGNOLA,MO,44.48598193402804,11.003737920159917
11051,11090,SALSI LUCIANO,Tamoil,Stradale,VIA FRIGNANESE  41058,VIGNOLA,MO,44.475625505285876,10.996854454278946
11052,37182,AUTOLAVAGGIO ANTONICELLI NICOLA E C. S.N.C.,Agip Eni,Stradale,VIA CIRCONVALLAZIONE OVEST 4 41058,VIGNOLA,MO,44.47545995386409,10.988183543086052
11053,11722,SERVIZI & GESTIONI ITALIA S.R.L.,Q8,Stradale,VIA CIRCONVALLAZIONE OVEST S/N 41058,VIGNOLA,MO,44.481643410674046,10.996297895908356
11054,54386,PRADELLI - MONTEOMBRARO,Pompe Bianche,Stradale,Via dei Martiri 255 41059,ZOCCA,MO,44.37939155680334,11.004677838023893
11055,32880,GIUSTI SONIA,Esso,Stradale,VIA MAURO TESI 484 41059,ZOCCA,MO,44.34776807501083,10.98817992572549
11056,11723,SERVIZI & GESTIONI ITALIA S.R.L.,Q8,Stradale,PIAZZALE RONCHI 15 41059,ZOCCA,MO,44.34465492285977,10.99774157423974
